1,LAFBD-41
2,ABP-984
3,SSNI-497
4,IPX-580
5,IPX-811
6,SMBD-115
7,ABF-017
8,ABP-159
9,IPX-177
10,STARS-804
11,CAWD-365
12,ABP-968
13,DASS-092
14,ABW-096
15,ABW-087
16,SSIS-622
17,IPX-534
18,SSIS-465
19,IPX-726
20,ABW-324
21,IPX-536
22,IPX-697
23,CAWD-243
24,IPX-776
25,IPX-118
26,IPZZ-037
27,PRED-483
28,IPX-867
29,CWPBD-120
30,SMD-115
31,IPX-620
32,ABW-339
33,ABP-933
34,SHKD-744
35,SSIS-437
36,IPX-149
37,ABW-108
38,SMBD-136
39,IPX-633
40,MIDE-020
41,PRED-193
42,IPX-743
43,MEYD-605
44,SSNI-392
45,ABW-244
46,IPX-247
47,010115_001
48,IPX-515
49,ABW-032
50,SSIS-082
51,121914-760
52,FSDSS-272
53,IPX-643
54,SSIS-588
55,FSDSS-077
56,SSIS-743
57,IPX-850
58,IPX-484
59,LULU-234
60,ABW-153
61,IPX-868
62,SSNI-520
63,CWP-120
64,SSIS-469
65,SSIS-338
66,MIDV-229
67,MIAA-548
68,HEYZO-0783
69,IPX-216
70,LAF-41
71,IPX-416
72,STARS-734
73,SSNI-618
74,MKBD-S03
75,ABW-220
76,JUL-179
77,ABP-601
78,SHKD-724
79,SSIS-531
80,STARS-080
81,PRED-262
82,IPX-398
83,MEYD-698
84,SSNI-865
85,SSNI-369
86,SSIS-698
87,URE-055
88,STARS-435
89,MEYD-831
90,MIDE-906
91,ABW-366
92,PRED-099
93,IPZZ-034
94,IPZZ-003
95,SSIS-776
96,IPX-690
97,SSNI-424
98,ABP-975
99,IPX-451
100,IPZ-127
101,ABW-043
102,IPX-528
103,WAAA-288
104,IPX-666
105,MIDV-236
106,JUL-185
107,HEYZO-1031
108,ABW-135
109,FSDSS-421
110,ABP-171
111,ABW-216
112,STARS-145
113,STARS-766
114,ATID-344
115,IPX-660
116,IPX-475
117,PRED-277
118,STARS-759
119,MIDE-767
120,IPX-497
121,SNIS-352
122,SDDE-625
123,MIDV-391
124,SSIS-402
125,ABP-566
126,URE-091
127,ABW-286
128,IPX-917
129,SKY-247
130,CAWD-259
131,SSNI-621
132,SSNI-036
133,PXH-016
134,ABW-187
135,SSIS-798
136,JUQ-048
137,ABP-912
138,MIDE-970
139,IPX-777
140,IPX-582
141,IPX-596
142,HND-765
143,MIMK-082
144,SSNI-436
145,ABW-121
146,SSIS-573
147,IPX-602
148,SHKD-546
149,JUL-388
150,DASD-778
151,STARS-256
152,MIDE-776
153,MIDV-433
154,SSIS-333
155,MIDV-036
156,ROYD-110
157,ABP-554
158,SSIS-724
159,CWPBD-99
160,FSDSS-418
161,PGD-766
162,IPX-557
163,MKBD-S89
164,IPX-540
165,MIDV-207
166,ABP-995
167,ABW-054
168,JUL-887
169,SSNI-845
170,CAWD-404
171,SSNI-650
172,MXGS-784
173,MEYD-568
174,SSIS-806
175,IPX-607
176,STARS-818
177,FSDSS-513
178,SSIS-032
179,MIDE-934
180,MIAA-715
181,SSNI-624
182,IPZ-921
183,PRED-256
184,SSNI-454
185,MIDE-979
186,032715_002
187,IPX-565
188,IPVR-050
189,IPX-851
190,IPZ-462
191,ATID-327
192,ABW-296
193,SSIS-740
194,SSIS-500
195,IPX-471
196,STARS-678
197,TYSF-026
198,SSNI-782
199,MIAA-797
200,ABP-408
201,SSIS-423
202,MIAA-525
203,SSIS-624
204,MIDE-960
205,IPX-708
206,SSNI-432
207,ABP-583
208,JUQ-090
209,MIDV-296
210,IPZZ-002
211,SKYHD-084
212,IPX-641
213,NNPJ-538
214,SSNI-413
215,SSIS-369
216,TKIPX-850
217,MIDE-633
218,SSIS-669
219,ABW-204
220,WAAA-098
221,STARS-874
222,STARS-168
223,vixen.16.10.06
224,MIMK-009
225,092415_159
226,NDRA-094
227,ABP-889
228,ABW-305
229,DASS-060
230,MIDV-277
231,STARS-094
232,STARS-237
233,FSDSS-548
234,SSNI-727
235,ATID-557
236,KAWD-722
237,SSIS-562
238,DVDMS-789
239,SSIS-687
240,SSNI-780
241,ADN-396
242,IPX-832
243,INU-047
244,JUQ-136
245,HMN-033
246,SSNI-916
247,MIDV-248
248,blackedraw.19.05.17
249,FSDSS-529
250,GVH-504